{"cameraMode":{"drawMode":0,"name":"Shaded","section":"Shading Mode"},"sceneLighting":false,"audioPlay":false,"sceneViewState":{"showFog":true,"showMaterialUpdate":false,"showSkybox":false,"showFlares":true,"showImageEffects":true,"showParticleSystems":true,"showVisualEffectGraphs":true,"m_FxEnabled":true},"in2DMode":false,"pivot":{"x":-6.2493367195129398,"y":3.6855790615081789,"z":-1.2309257984161378},"rotation":{"x":0.26309242844581606,"y":0.08573097735643387,"z":-0.026151977479457856,"w":0.9605722427368164},"size":6.359131813049316,"orthographic":false}