{"cameraMode":{"drawMode":0,"name":"Shaded","section":"Shading Mode"},"sceneLighting":false,"audioPlay":false,"sceneViewState":{"showFog":true,"showMaterialUpdate":false,"showSkybox":false,"showFlares":true,"showImageEffects":true,"showParticleSystems":true,"showVisualEffectGraphs":true,"m_FxEnabled":true},"in2DMode":false,"pivot":{"x":22.860000610351564,"y":2.180000066757202,"z":-19.456092834472658},"rotation":{"x":0.20148293673992158,"y":0.04824131727218628,"z":0.0017029587179422379,"w":0.9777721762657166},"size":4.023386001586914,"orthographic":false}