{"cameraMode":{"drawMode":0,"name":"Shaded","section":"Shading Mode"},"sceneLighting":true,"audioPlay":false,"sceneViewState":{"showFog":true,"showMaterialUpdate":false,"showSkybox":true,"showFlares":true,"showImageEffects":true,"showParticleSystems":true,"showVisualEffectGraphs":true,"m_FxEnabled":true},"in2DMode":false,"pivot":{"x":438.8204345703125,"y":138.11215209960938,"z":-824.1581420898438},"rotation":{"x":-0.11911981552839279,"y":0.05149995908141136,"z":0.0035616883542388679,"w":0.9914411306381226},"size":0.8660253882408142,"orthographic":false}