{"cameraMode":{"drawMode":0,"name":"Shaded","section":"Shading Mode"},"sceneLighting":true,"audioPlay":false,"sceneViewState":{"showFog":true,"showMaterialUpdate":false,"showSkybox":true,"showFlares":true,"showImageEffects":true,"showParticleSystems":true,"showVisualEffectGraphs":true,"m_FxEnabled":true},"in2DMode":false,"pivot":{"x":9.510575294494629,"y":9.109408378601075,"z":2.0198376178741457},"rotation":{"x":-0.47540193796157839,"y":0.031600404530763629,"z":-0.014621540904045105,"w":-0.8789015412330627},"size":18.519447326660158,"orthographic":false}