{"cameraMode":{"drawMode":0,"name":"Shaded","section":"Shading Mode"},"sceneLighting":true,"audioPlay":false,"sceneViewState":{"showFog":true,"showMaterialUpdate":false,"showSkybox":true,"showFlares":true,"showImageEffects":true,"showParticleSystems":true,"showVisualEffectGraphs":true,"m_FxEnabled":true},"in2DMode":false,"pivot":{"x":-1.7285730838775635,"y":13.372601509094239,"z":-10.939654350280762},"rotation":{"x":0.46293026208877566,"y":0.39103615283966067,"z":-0.2211574912071228,"w":0.7640490531921387},"size":1.5955122709274293,"orthographic":false}