{"cameraMode":{"drawMode":0,"name":"Shaded","section":"Shading Mode"},"sceneLighting":true,"audioPlay":false,"sceneViewState":{"showFog":true,"showMaterialUpdate":false,"showSkybox":true,"showFlares":true,"showImageEffects":true,"showParticleSystems":true,"showVisualEffectGraphs":true,"m_FxEnabled":true},"in2DMode":false,"pivot":{"x":-0.7296379804611206,"y":16.510313034057618,"z":-13.397964477539063},"rotation":{"x":0.48880964517593386,"y":0.05895102024078369,"z":-0.03593108803033829,"w":0.8696101903915405},"size":5.412191867828369,"orthographic":false}