{"cameraMode":{"drawMode":0,"name":"Shaded","section":"Shading Mode"},"sceneLighting":false,"audioPlay":false,"sceneViewState":{"showFog":true,"showMaterialUpdate":false,"showSkybox":true,"showFlares":true,"showImageEffects":true,"showParticleSystems":true,"showVisualEffectGraphs":true,"m_FxEnabled":true},"in2DMode":false,"pivot":{"x":474.2679443359375,"y":484.68572998046877,"z":-562.7595825195313},"rotation":{"x":0.12456929683685303,"y":0.03159639984369278,"z":0.007387917954474688,"w":0.9911487102508545},"size":20.63539695739746,"orthographic":false}