{"cameraMode":{"drawMode":0,"name":"Shaded","section":"Shading Mode"},"sceneLighting":false,"audioPlay":false,"sceneViewState":{"showFog":true,"showMaterialUpdate":false,"showSkybox":false,"showFlares":true,"showImageEffects":true,"showParticleSystems":true,"showVisualEffectGraphs":true,"m_FxEnabled":true},"in2DMode":false,"pivot":{"x":16.6424503326416,"y":1.2239024639129639,"z":-0.7636908292770386},"rotation":{"x":0.07287295907735825,"y":0.34059879183769228,"z":-0.029237007722258569,"w":0.9368603229522705},"size":1.2247449159622193,"orthographic":false}