{"cameraMode":{"drawMode":0,"name":"Shaded","section":"Shading Mode"},"sceneLighting":false,"audioPlay":false,"sceneViewState":{"showFog":true,"showMaterialUpdate":false,"showSkybox":false,"showFlares":true,"showImageEffects":true,"showParticleSystems":true,"showVisualEffectGraphs":true,"m_FxEnabled":true},"in2DMode":false,"pivot":{"x":18.368804931640626,"y":10.304072380065918,"z":-15.283466339111329},"rotation":{"x":-0.11094007641077042,"y":0.04976649209856987,"z":-0.005557224620133638,"w":-0.9925582408905029},"size":1.2247449159622193,"orthographic":false}